アームハンマー,かくとう,物理,100,90,10,直,1体選択,攻撃後、自分の『すばやさ』ランクが1段階下がる。特性『てつのこぶし』の時、威力が1.2倍になる。
アイアンテール,はがね,物理,100,75,15,直,1体選択,30%の確率で相手の『ぼうぎょ』ランクを1段階下げる。
アイアンヘッド,はがね,物理,80,100,15,直,1体選択,30%の確率で相手をひるませる。
アイスボール,こおり,物理,30,90,20,直,1体選択,外れるまで5ターン連続で攻撃し、攻撃が当たる度にダメージが倍増する。事前に技『まるくなる』を使っているとダメージが2倍になる。
あおいほのお,ほのお,特殊,130,85,5,,1体選択,20%の確率で相手を『やけど』状態にする。
アクアジェット,みず,物理,40,100,20,直,1体選択,必ず先制できる(優先度:+1)。
アクアテール,みず,物理,90,90,10,直,1体選択,通常攻撃。
アクアリング,みず,変化,,,20,,自分,使用後、毎ターン、HPが少しずつ回復する。
あくうせつだん,ドラゴン,特殊,100,95,5,,1体選択,急所に当たりやすい(急所ランク:+1)。
あくのはどう,あく,特殊,80,100,15,,1体選択,20%の確率で相手をひるませる。
あくび,ノーマル,変化,,,10,,1体選択,次のターン終了時に相手を2～4ターン(実質1～3ターン)の間『ねむり』状態にする。ただし、そのポケモンが交代されると効果は消える。
あくまのキッス,ノーマル,変化,,75,10,,1体選択,相手を2～4ターン(実質1～3ターン)の間『ねむり』状態にする。
あくむ,ゴースト,変化,,100,15,,1体選択,相手が『ねむり』状態の時、『あくむ』状態にする。『あくむ』状態になると、毎ターン、HPが最大HPの1/4ずつ減る。ただし『ねむり』状態から覚めると『あくむ』状態も解かれる。
アクロバット,ひこう,物理,55,100,15,直,1体選択,自分が道具を持っていない時、威力が2倍になる。
あさのひざし,ノーマル,変化,,,5,,自分,HPが、天気が通常の時は最大HPの1/2、『ひざしがつよい』の時は最大HPの2/3、『あめ』『あられ』『すなあらし』の時は最大HPの1/4回復する。
アシストパワー,エスパー,特殊,20,100,10,,1体選択,自分のいずれかの能力ランクが1つ上がる度に威力が20上がる。
アシッドボム,どく,特殊,40,100,20,,1体選択,100%の確率で相手の『とくぼう』ランクを2段階下げる。
あてみなげ,かくとう,物理,70,,10,直,1体選択,必ず後攻になるが(優先度:-1)、自分の命中率、相手の回避率に関係なく必ず命中する。
あなをほる,じめん,物理,80,100,10,直,1体選択,1ターン目に地中に潜り、2ターン目に攻撃する。地中にいる間はほとんどの技を受けない。
あばれる,ノーマル,物理,120,100,10,直,ランダム1体,2～3ターン連続で攻撃し、その後自分は1～4ターンの間『こんらん』状態になる。
アフロブレイク,ノーマル,物理,120,100,15,直,1体選択,相手に与えたダメージの1/4を自分も受ける。
あまいかおり,ノーマル,変化,,100,20,,相手全体,相手の回避率を2段階下げる。フィールドで使うと野生のポケモンが出現し、群れバトルが発生する場所では群れバトルになる。XYのみ雨が降っている場所では群れバトルは発生しない。
あまえる,フェアリー,変化,,100,20,,1体選択,相手の『こうげき』ランクを2段階下げる。
あまごい,みず,変化,,,5,,全体の場,5ターンの間、天気を『あめ』にする。
あやしいかぜ,ゴースト,特殊,60,100,5,,1体選択,10%の確率で自分の『こうげき』『ぼうぎょ』『とくこう』『とくぼう』『すばやさ』ランクが1段階ずつ上がる。
あやしいひかり,ゴースト,変化,,100,10,,1体選択,相手を1～4ターンの間『こんらん』状態にする。
あられ,こおり,変化,,,10,,全体の場,5ターンの間、天気を『あられ』にする。
アロマセラピー,くさ,変化,,,5,,味方全体,すべての味方のポケモンの状態異常を治す。
アロマミスト,フェアリー,変化,,,20,,味方1体,味方1体の『とくぼう』を1段階上げる。ダブルバトル・トリプルバトル用。
あわ,みず,特殊,40,100,30,,相手全体,10%の確率で相手の『すばやさ』ランクを1段階下げる。
アンコール,ノーマル,変化,,100,5,,1体選択,3ターンの間、相手は最後に使用した技しか使えなくなる。ただし、PPが0になると解除される。
いあいぎり,ノーマル,物理,50,95,30,直,1体選択,通常攻撃。
いえき,どく,変化,,100,10,,1体選択,相手の特性を無効にする。
イカサマ,あく,物理,95,100,15,直,1体選択,自分の『こうげき』ではなく、相手の『こうげき』の能力値でダメージ計算する。
いかり,ノーマル,物理,20,100,20,直,1体選択,相手の攻撃を受ける度にこの技の威力が倍増する。ただし、攻撃が外れたり連続で使用しないと元に戻る。
いかりのこな,むし,変化,,,20,,自分,必ず先制できる(優先度:+2)。そのターンの相手の技をすべて自分が受ける。ただし、全体技には効果がない。『くさ』タイプや特性『ぼうじん』のポケモンには無効。ダブルバトル・トリプルバトル用。
いかりのまえば,ノーマル,物理,,90,10,直,1体選択,相手のHPを残りHPの半分にする。
いじげんホール,エスパー,特殊,80,,5,,1体選択,相手の『まもる』『みきり』『たたみがえし』『キングシールド』『ニードルガード』の効果を受けない。
いじげんラッシュ,あく,物理,100,,5,,1体選択,相手の『まもる』『みきり』『たたみがえし』『キングシールド』『ニードルガード』の効果を受けない。攻撃後、自分の『ぼうぎょ』ランクが1段階下がる。
いたみわけ,ノーマル,変化,,,20,,1体選択,自分と相手のHPを2匹の残りHPの平均値にする。(足して2で割る)
いちゃもん,あく,変化,,100,15,,1体選択,使用後、相手は同じ技を連続で出せなくなる。
いとをはく,むし,変化,,95,40,,相手全体,相手の『すばやさ』ランクを2段階下げる。
いにしえのうた,ノーマル,特殊,75,100,10,,相手全体,それぞれ10%の確率で相手を2～4ターン(実質1～3ターン)の間『ねむり』状態にする。相手の『みがわり』状態を貫通する。
いのちがけ,かくとう,特殊,,100,5,直,1体選択,自分のHPを0にし、その分のダメージを相手に与える。
いばる,ノーマル,変化,,90,15,,1体選択,相手を1～4ターンの間『こんらん』状態にするが、相手の『こうげき』ランクを2段階上げてしまう。
いびき,ノーマル,特殊,50,100,15,,1体選択,自分が『ねむり』状態の時のみ使用可能。30%の確率で相手をひるませる。相手の『みがわり』状態を貫通する。
いやしのすず,ノーマル,変化,,,5,,味方全体,すべての味方のポケモンの状態異常を治す。味方が『みがわり』状態でも効果が発生する。
いやしのねがい,エスパー,変化,,,10,,自分,自分が『ひんし』になる代わりに、次に出す自分のポケモンの状態異常とHPが全回復する。
いやしのはどう,エスパー,変化,,,10,,1体選択,相手は最大HPの1/2回復する。(ダブルバトル・トリプルバトルで味方に使うと良い)
いやなおと,ノーマル,変化,,85,40,,1体選択,相手の『ぼうぎょ』ランクを2段階下げる。相手の『みがわり』状態を貫通する。
いわおとし,いわ,物理,50,90,15,,1体選択,通常攻撃。
いわくだき,かくとう,物理,40,100,15,直,1体選択,50%の確率で相手の『ぼうぎょ』ランクを1段階下げる。
いわなだれ,いわ,物理,75,90,10,,相手全体,30%の確率で相手をひるませる。
インファイト,かくとう,物理,120,100,5,直,1体選択,攻撃後、自分の『ぼうぎょ』『とくぼう』ランクが1段階ずつ下がる。
ウェザーボール,ノーマル,特殊,50,100,10,,1体選択,天気が『ひざしがつよい』の時は『ほのお』タイプ、『あめ』の時は『みず』タイプ、『あられ』の時は『こおり』タイプ、『すなあらし』の時は『いわ』タイプになり、威力が2倍になる。
うずしお,みず,特殊,35,85,15,,1体選択,4～5ターンの間、毎ターン終了後最大HPの1/8のダメージを与え、その間相手は逃げたり交代できない。相手が『ダイビング』を使っている時でも命中し、ダメージが2倍になる。
うそなき,あく,変化,,100,20,,1体選択,相手の『とくぼう』ランクを2段階下げる。
うたう,ノーマル,変化,,55,15,,1体選択,相手を2～4ターン(実質1～3ターン)の間『ねむり』状態にする。相手の『みがわり』状態を貫通する。
うちおとす,いわ,物理,50,100,15,,1体選択,特性『ふゆう』や、『ひこう』タイプのポケモンに『じめん』タイプの技が当たるようになる。また、技『そらをとぶ』『とびはねる』『でんじふゆう』『テレキネシス』『フリーフォール』の効果が解除される。
ウッドハンマー,くさ,物理,120,100,15,直,1体選択,相手に与えたダメージの1/3を自分も受ける。
ウッドホーン,くさ,物理,75,100,10,直,1体選択,相手に与えたダメージの半分だけ自分のHPが回復する。
うらみ,ゴースト,変化,,100,10,,1体選択,相手の最後に使った技のPPを4減らす。
エアカッター,ひこう,特殊,60,95,25,,相手全体,急所に当たりやすい(急所ランク:+1)。
エアスラッシュ,ひこう,特殊,75,95,15,,1体選択,30%の確率で相手をひるませる。
エアロブラスト,ひこう,特殊,100,95,5,,1体選択,急所に当たりやすい(急所ランク:+1)。
エコーボイス,ノーマル,特殊,40,100,15,,1体選択,毎ターン、誰かが技『エコーボイス』を使う度に威力が高くなっていく。相手の『みがわり』状態を貫通する。
エナジーボール,くさ,特殊,90,100,10,,1体選択,10%の確率で相手の『とくぼう』ランクを1段階下げる。
エレキネット,でんき,特殊,55,95,15,,相手全体,100%の確率で相手の『すばやさ』ランクを1段階下げる。
エレキフィールド,でんき,変化,,,10,,全体の場,5ターンの間、場の状態を『エレキフィールド』にする。『ひこう』タイプや特性『ふゆう』などではない地面にいるすべてのポケモンは、『ねむり』状態にならず、また『でんき』タイプの技の威力が1.5倍になる。
エレキボール,でんき,特殊,,100,10,,1体選択,相手より『すばやさ』が高いほど威力が高くなる。1倍未満は40、2倍未満は60、3倍未満は80、4倍未満は120、それ以上は150。
えんまく,ノーマル,変化,,100,20,,1体選択,相手の命中率を1段階下げる。
オーバーヒート,ほのお,特殊,130,90,5,,1体選択,攻撃後、100%の確率で自分の『とくこう』ランクが2段階下がる。
オーロラビーム,こおり,特殊,65,100,20,,1体選択,10%の確率で相手の『こうげき』ランクを1段階下げる。
おいうち,あく,物理,40,100,20,直,1体選択,相手がポケモンを交代する時に攻撃すると、交代前のポケモンに2倍のダメージを与える。
おいかぜ,ひこう,変化,,,30,,味方の場,4ターンの間、自分と味方の『すばやさ』が2倍になる。
おいわい,ノーマル,変化,0,0,40,,自分,効果なし。
おうふくビンタ,ノーマル,物理,15,85,10,直,1体選択,1ターンに2～5回連続で攻撃する。
オウムがえし,ひこう,変化,,,20,,1体選択,相手が最後に使った技で、相手を攻撃する。技の対象が「通常」(1体選択)の場合は技を使用したポケモン(味方を含める)を攻撃し、それ以外の場合は、自分がその技を使用した場合に本来取りうる対象に攻撃する(「相手全体」「自分以外」など)。
おきみやげ,あく,変化,,100,10,,1体選択,自分の命中率、相手の回避率に関係なく必ず命中する。自分が『ひんし』になる代わりに、相手の『こうげき』『とくこう』ランクを2段階ずつ下げる。
オクタンほう,みず,特殊,65,85,10,,1体選択,50%の確率で相手の命中率を1段階下げる。
おさきにどうぞ,ノーマル,変化,,,15,,1体選択,相手は『すばやさ』に関係なく、この技を受けた直後に行動できるようになる。ダブルバトル・トリプルバトル用。
おしおき,あく,物理,,100,5,直,1体選択,相手の能力ランクが高い程、威力が高くなる。
おしゃべり,ひこう,特殊,65,100,20,,1体選択,『ペラップ』が使うと、100%の確率で相手を『こんらん』状態にする。相手の『みがわり』状態を貫通する。
おたけび,ノーマル,変化,,100,30,,1体選択,相手の『こうげき』『とくこう』ランクを1段階ずつ下げる。相手の『みがわり』状態を貫通する。
おだてる,あく,変化,,100,15,,1体選択,相手を1～4ターンの間『こんらん』状態にするが、相手の『とくこう』ランクを1段階上げてしまう。
おどろかす,ゴースト,物理,30,100,15,直,1体選択,30%の確率で相手をひるませる。
おにび,ほのお,変化,,85,15,,1体選択,相手を『やけど』状態にする。『ほのお』タイプには無効。
おまじない,ノーマル,変化,,,30,,味方の場,5ターンの間、相手の攻撃が急所に当たらなくなる。
おんがえし,ノーマル,物理,,100,20,直,1体選択,ポケモンがなついているほど威力が高くなる。最高102。
おんねん,ゴースト,変化,,,5,,自分,相手の技のダメージで『ひんし』状態になった場合、その技のPPを0にする。
かいでんぱ,でんき,変化,,100,15,,1体選択,相手の『とくこう』ランクを2段階下げる。
かいふくしれい,むし,変化,,,10,,自分,HPが最大HPの半分回復する。
かいふくふうじ,エスパー,変化,,100,15,,相手全体,5ターンの間、相手は回復系の技が使えなくなる。
かいりき,ノーマル,物理,80,100,15,直,1体選択,通常攻撃。
カウンター,かくとう,物理,,100,20,直,不定,相手の物理攻撃のダメージの2倍をその相手に与える。『ダブルバトル』の時は最後に受けた技のみ有効になる。必ず後攻になる(優先度:-5)。
かえんぐるま,ほのお,物理,60,100,25,直,1体選択,10%の確率で相手を『やけど』状態にする。自分が『こおり』状態の時でも使う事ができ、使うと『こおり』状態が治る。
かえんだん,ほのお,特殊,100,100,5,,自分以外,30%の確率で相手を『やけど』状態にする。
かえんほうしゃ,ほのお,特殊,90,100,15,,1体選択,10%の確率で相手を『やけど』状態にする。
かぎわける,ノーマル,変化,,,40,,1体選択,使用後、相手の回避率に関係なく攻撃が当たる。相手が『ゴースト』タイプの時、『ノーマル』『かくとう』タイプの技が当たるようになる。
かくばる,ノーマル,変化,,,30,,自分,自分の『こうげき』ランクを1段階上げる。
かげうち,ゴースト,物理,40,100,30,直,1体選択,必ず先制できる(優先度:+1)。
かげぶんしん,ノーマル,変化,,,15,,自分,自分の回避率を1段階上げる。
かぜおこし,ひこう,特殊,40,100,35,,1体選択,相手が技『そらをとぶ』『とびはねる』『フリーフォール』を使っている時でも命中し、ダメージが2倍になる。
かたきうち,ノーマル,物理,70,100,5,直,1体選択,前のターンに味方のポケモンが倒されていると威力が2倍になる。
かたくなる,ノーマル,変化,,,30,,自分,自分の『ぼうぎょ』ランクを1段階上げる。
かなしばり,ノーマル,変化,,100,20,,1体選択,相手が最後に使った技を4ターンの間使えなくする。
かまいたち,ノーマル,特殊,80,100,10,,相手全体,1ターン目は攻撃せずに、2ターン目で攻撃する。急所に当たりやすい(急所ランク:+1)。
かみくだく,あく,物理,80,100,15,直,1体選択,20%の確率で相手の『ぼうぎょ』ランクを1段階下げる。
かみつく,あく,物理,60,100,25,直,1体選択,30%の確率で相手をひるませる。
かみなり,でんき,特殊,110,70,10,,1体選択,30%の確率で相手を『まひ』状態にする。天気が『あめ』の時は必ず命中し、『ひざしがつよい』の時は命中率が50%になる。相手が技『そらをとぶ』『とびはねる』『フリーフォール』を使っている時でも命中する。
かみなりのキバ,でんき,物理,65,95,15,直,1体選択,10%の確率で相手を『まひ』状態にするか、ひるませる。
かみなりパンチ,でんき,物理,75,100,15,直,1体選択,10%の確率で相手を『まひ』状態にする。特性『てつのこぶし』の時、威力が1.2倍になる。
からげんき,ノーマル,物理,70,100,20,直,1体選択,自分が『どく』『まひ』『やけど』状態の時、威力が2倍になる。『やけど』による『こうげき』の半減の影響を受けない。
からてチョップ,かくとう,物理,50,100,25,直,1体選択,急所に当たりやすい(急所ランク:+1)。
からではさむ,みず,物理,35,85,15,直,1体選択,4～5ターンの間、毎ターン終了後最大HPの1/8のダメージを与え、その間相手は逃げたり交代できない。
からにこもる,みず,変化,,,40,,自分,自分の『ぼうぎょ』ランクを1段階上げる。
からみつく,ノーマル,物理,10,100,35,直,1体選択,10%の確率で相手の『すばやさ』ランクを1段階下げる。
からをやぶる,ノーマル,変化,,,15,,自分,自分の『ぼうぎょ』『とくぼう』ランクが1段階ずつ下がり、『こうげき』『とくこう』『すばやさ』ランクが2段階ずつ上がる。
かわらわり,かくとう,物理,75,100,15,直,1体選択,相手の技『リフレクター』の効果を受けず、相手の技『リフレクター』『ひかりのかべ』を壊す。
ガードシェア,エスパー,変化,,,10,,1体選択,自分と相手の『ぼうぎょ』と『とくぼう』を足して半分に分ける。
ガードスワップ,エスパー,変化,,,10,,1体選択,自分と相手の『ぼうぎょ』『とくぼう』ランクを入れ替える。
がまん,ノーマル,物理,,,10,直,自分,必ず先制できる(優先度:+1)。今後2ターンの間に受けたダメージの2倍を相手に与える。その間、全く行動できなくなる。
がむしゃら,ノーマル,物理,,100,5,直,1体選択,相手の残りHPから自分の残りHPを引いた分のダメージを与える。
ガリョウテンセイ,ひこう,物理,120,100,5,直,1体選択,100%の確率で自分の『ぼうぎょ』『とくぼう』ランクが1段階ずつ下がる。
がんせきふうじ,いわ,物理,60,95,15,,1体選択,100%の確率で相手の『すばやさ』ランクを1段階下げる。
がんせきほう,いわ,物理,150,90,5,,1体選択,使用した次のターンは行動できない。
きあいだま,かくとう,特殊,120,70,5,,1体選択,10%の確率で相手の『とくぼう』ランクを1段階下げる。
きあいだめ,ノーマル,変化,,,30,,自分,急所ランクが2段階上がる『きあいだめ』状態となり、今後自分の技が急所に当たりやすくなる。
きあいパンチ,かくとう,物理,150,100,20,直,1体選択,必ず後攻になり(優先度:-3)、攻撃するまでに技を受けると失敗してしまう。特性『てつのこぶし』の時、威力が1.2倍になる。
きしかいせい,かくとう,物理,,100,15,直,1体選択,自分の残りHPが少ないほど威力が高くなる。
きつけ,ノーマル,物理,70,100,10,直,1体選択,相手が『まひ』状態の時、ダメージが2倍になるが、『まひ』状態は治る。
キノコのほうし,くさ,変化,,100,15,,1体選択,相手を2～4ターン(実質1～3ターン)の間『ねむり』状態にする。『くさ』タイプや特性『ぼうじん』のポケモンには無効。
きゅうけつ,むし,物理,20,100,15,直,1体選択,相手に与えたダメージの半分だけ自分のHPが回復する。
きりさく,ノーマル,物理,70,100,20,直,1体選択,急所に当たりやすい(急所ランク:+1)。
きりばらい,ひこう,変化,,,15,,1体選択,相手の回避率を1段階下げる。相手の場の『しろいきり』『ひかりのかべ』『リフレクター』『しんぴのまもり』、両方の場の『まきびし』『どくびし』『ステルスロック』『ねばねばネット』の効果を解除する。
きりふだ,ノーマル,特殊,,,5,直,1体選択,自分の命中率、相手の回避率に関係なく必ず命中する。この技の残りPPが少ない程、威力が高くなる。最高200。
キングシールド,はがね,変化,,,10,,自分,必ず先制でき(優先度:+4)、そのターンの間、相手の攻撃技を受けない。また、直接攻撃をしてきた相手の『こうげき』ランクを2段階下げる。連続で使うと失敗しやすくなる。
きんぞくおん,はがね,変化,,85,40,,1体選択,相手の『とくぼう』ランクを2段階下げる。
ギアソーサー,はがね,物理,50,85,15,直,1体選択,1ターンに2回連続で攻撃する。
ギアチェンジ,はがね,変化,,,10,,自分,自分の『すばやさ』ランクが2段階、『こうげき』ランクが1段階上がる。
ギガインパクト,ノーマル,物理,150,90,5,直,1体選択,使用した次のターンは行動できない。
ギガドレイン,くさ,特殊,75,100,10,,1体選択,相手に与えたダメージの半分だけ自分のHPが回復する。
ギフトパス,ノーマル,変化,,,15,,1体選択,自分の持っている道具を相手に渡す。相手が道具を持っている時は失敗する。
ぎんいろのかぜ,むし,特殊,60,100,5,,1体選択,10%の確率で自分の『こうげき』『ぼうぎょ』『とくこう』『とくぼう』『すばやさ』ランクが1段階ずつ上がる。
くさのちかい,くさ,特殊,80,100,10,,1体選択,ダブルバトル・トリプルバトルで、技『ほのおのちかい』と組み合わせて使用すると4ターンの間毎ターン『ほのお』タイプ以外の相手にダメージを与え、技『みずのちかい』と組み合わせて使用すると4ターンの間相手の『すばやさ』が下がる。また、威力が150になる。
くさぶえ,くさ,変化,,55,15,,1体選択,相手を2～4ターン(実質1～3ターン)の間『ねむり』状態にする。
くさむすび,くさ,特殊,,100,20,直,1体選択,相手の『おもさ』が重いほど威力が高くなる。10kg未満は20、25kg未満は40、50kg未満は60、100kg未満は80、200kg未満は100、それ以上は120。
くすぐる,ノーマル,変化,,100,20,,1体選択,相手の『こうげき』『ぼうぎょ』ランクを1段階ずつ下げる。
クモのす,むし,変化,,,10,,1体選択,相手は逃げたり、交代できなくなる。自分が場を離れると効果は消える。
クラブハンマー,みず,物理,100,90,10,直,1体選択,急所に当たりやすい(急所ランク:+1)。
クリアスモッグ,どく,特殊,50,,15,,1体選択,相手の能力ランクの変化を元に戻す。
くろいきり,こおり,変化,,,30,,全体の場,すべてのポケモンの能力ランクの変化を元に戻す。
くろいまなざし,ノーマル,変化,,,5,,1体選択,相手は逃げたり、交代できなくなる。自分が場を離れると効果は消える。
クロスサンダー,でんき,物理,100,100,5,,1体選択,ダブルバトル・トリプルバトルで、技『クロスフレイム』と組み合わせて使用すると威力が上がる。
クロスチョップ,かくとう,物理,100,80,5,直,1体選択,急所に当たりやすい(急所ランク:+1)。
クロスフレイム,ほのお,特殊,100,100,5,,1体選択,ダブルバトル・トリプルバトルで、技『クロスサンダー』と組み合わせて使用すると威力が上がる。
クロスポイズン,どく,物理,70,100,20,直,1体選択,10%の確率で相手を『どく』状態にする。急所に当たりやすい(急所ランク:+1)。
グラスフィールド,くさ,変化,,,10,,全体の場,5ターンの間、場の状態を『グラスフィールド』にする。『ひこう』タイプや特性『ふゆう』などではない地面にいるすべてのポケモンは、毎ターン最大HPの1/16ずつ回復し、また『くさ』タイプの技の威力が1.5倍になり、技『じしん』『じならし』『マグニチュード』の受けるダメージが半減する。
グラスミキサー,くさ,特殊,65,90,10,,1体選択,50%の確率で相手の命中率を1段階下げる。
グランドフォース,じめん,物理,90,100,10,,相手全体,通常攻撃。
グロウパンチ,かくとう,物理,40,100,20,直,1体選択,100%の確率で自分の『こうげき』ランクが1段階上がる。特性『てつのこぶし』の時、威力が1.2倍になる。
けたぐり,かくとう,物理,,100,20,直,1体選択,相手の『おもさ』が重いほど威力が高くなる。10kg未満は20、25kg未満は40、50kg未満は60、100kg未満は80、200kg未満は100、それ以上は120。
げきりん,ドラゴン,物理,120,100,10,直,ランダム1体,2～3ターン連続で攻撃し、その後自分は1～4ターンの間『こんらん』状態になる。
ゲップ,どく,特殊,120,90,10,,1体選択,この技は『きのみ』を食べると使えるようになる。
げんしのちから,いわ,特殊,60,100,5,,1体選択,10%の確率で自分の『こうげき』『ぼうぎょ』『とくこう』『とくぼう』『すばやさ』ランクが1段階ずつ上がる。
コールドフレア,こおり,特殊,140,90,5,,1体選択,1ターン目は攻撃せずに、2ターン目で攻撃する。30%の確率で相手を『やけど』状態にする。
こうげきしれい,むし,物理,90,100,15,,1体選択,急所に当たりやすい(急所ランク:+1)。
こうごうせい,くさ,変化,,,5,,自分,HPが、天気が通常の時は最大HPの1/2、『ひざしがつよい』の時は最大HPの2/3、『あめ』『あられ』『すなあらし』の時は最大HPの1/4回復する。
こうそくいどう,エスパー,変化,,,30,,自分,自分の『すばやさ』ランクが2段階上がる。
こうそくスピン,ノーマル,物理,20,100,40,直,1体選択,技『うずしお』『からではさむ』『しめつける』『すなじごく』『ほのおのうず』『マグマストーム』『まきつく』、『ステルスロック』『どくびし』『まきびし』、『やどりぎのタネ』から解放される。
こおりのいぶき,こおり,特殊,60,90,10,,1体選択,必ず急所に当たる。
こおりのキバ,こおり,物理,65,95,15,直,1体選択,10%の確率で相手を『こおり』状態にするか、ひるませる。
こおりのつぶて,こおり,物理,40,100,30,,1体選択,必ず先制できる(優先度:+1)。
こころのめ,ノーマル,変化,,,5,,1体選択,次のターン、使った相手に自分の技が必ず命中する。
こごえるかぜ,こおり,特殊,55,95,15,,相手全体,100%の確率で相手の『すばやさ』ランクを1段階下げる。
こごえるせかい,こおり,特殊,65,95,10,,相手全体,100%の確率で相手の『すばやさ』ランクを1段階下げる。
コスモパワー,エスパー,変化,,,20,,自分,自分の『ぼうぎょ』『とくぼう』ランクが1段階ずつ上がる。
コットンガード,くさ,変化,,,10,,自分,自分の『ぼうぎょ』ランクが3段階上がる。
こなゆき,こおり,特殊,40,100,25,,相手全体,10%の確率で相手を『こおり』状態にする。
このゆびとまれ,ノーマル,変化,,,20,,自分,必ず先制できる(優先度:+2)。そのターンの相手の技をすべて自分が受ける。ただし、全体技には効果がない。ダブルバトル・トリプルバトル用。
コメットパンチ,はがね,物理,90,90,10,直,1体選択,20%の確率で自分の『こうげき』ランクが1段階上がる。特性『てつのこぶし』の時、威力が1.2倍になる。
こらえる,ノーマル,変化,,,10,,自分,必ず先制できる(優先度:+4)。そのターンに『ひんし』状態になる攻撃を受けてもHPが1残る。連続で使うと失敗しやすくなる。
ころがる,いわ,物理,30,90,20,直,1体選択,外れるまで5ターン連続で攻撃し、攻撃が当たる度に威力が倍増する(最高480)。事前に技『まるくなる』を使っていると威力が2倍になる。
こわいかお,ノーマル,変化,,100,10,,1体選択,相手の『すばやさ』ランクを2段階下げる。
こんげんのはどう,みず,特殊,110,85,10,,相手全体,通常攻撃。
ゴーストダイブ,ゴースト,物理,90,100,10,直,1体選択,1ターン目に消えて、2ターン目に攻撃する。消えている間はほとんどの技を受けない。相手の『まもる』『みきり』『たたみがえし』『キングシールド』『ニードルガード』の効果を受けない。相手が『ちいさくなる』を使用していると必ず命中し、威力が2倍になる。
ゴッドバード,ひこう,物理,140,90,5,,1体選択,1ターン目は攻撃せずに、2ターン目で攻撃する。30%の確率で相手をひるませる。急所に当たりやすい(急所ランク:+1)。
サイケこうせん,エスパー,特殊,65,100,20,,1体選択,10%の確率で相手を1～4ターンの間『こんらん』状態にする。
サイコウェーブ,エスパー,特殊,,100,15,,1体選択,(自分のレベル×0.5～1.5)が相手に与えるダメージになる。
サイコカッター,エスパー,物理,70,100,20,,1体選択,急所に当たりやすい(急所ランク:+1)。
サイコキネシス,エスパー,特殊,90,100,10,,1体選択,10%の確率で相手の『とくぼう』ランクを1段階下げる。
サイコシフト,エスパー,変化,,100,10,,1体選択,自分の状態異常を相手に移し、自分は回復する。
サイコショック,エスパー,特殊,80,100,10,,1体選択,相手の『とくぼう』ではなく、相手の『ぼうぎょ』の能力値でダメージ計算する。
サイコブースト,エスパー,特殊,140,90,5,,1体選択,攻撃後、100%の確率で自分の『とくこう』ランクが2段階下がる。
サイコブレイク,エスパー,特殊,100,100,10,,1体選択,相手の『とくぼう』ではなく、相手の『ぼうぎょ』の能力値でダメージ計算する。
サイドチェンジ,エスパー,変化,,,15,,自分,必ず先制できる(優先度:+1)。自分と味方1体の位置を交代する。ダブルバトル・トリプルバトル用。
さいみんじゅつ,エスパー,変化,,60,20,,1体選択,相手を2～4ターン(実質1～3ターン)の間『ねむり』状態にする。
サウザンアロー,じめん,物理,90,100,10,,1体選択,『ひこう』タイプや特性『ふゆう』のポケモンにも当たり、以後は他の『じめん』タイプの技も当たるようになる。また、技『そらをとぶ』『とびはねる』『でんじふゆう』『テレキネシス』『フリーフォール』の効果が解除される。
サウザンウェーブ,じめん,物理,90,100,10,,1体選択,相手は逃げたり、交代できなくなる。自分が場を離れると効果は消える。
さきおくり,あく,変化,,100,15,,1体選択,相手は『すばやさ』に関係なく、行動が最後になる。ダブルバトル・トリプルバトル用。
さきどり,ノーマル,変化,,,20,,不定,相手が使おうとしている攻撃技をダメージを1.5倍にして使う。後攻になると失敗する。
さしおさえ,あく,変化,,100,15,,1体選択,5ターンの間、持っている道具を使えなくなる。トレーナーもそのポケモンには道具を使えない。
さばきのつぶて,ノーマル,特殊,100,100,10,,1体選択,持たせた『プレート』によって『タイプ』が変わる。
さわぐ,ノーマル,特殊,90,100,10,,ランダム1体,3ターン連続で攻撃し、その間はすべてのポケモンが『ねむり』状態にならない。相手の『みがわり』状態を貫通する。
シードフレア,くさ,特殊,120,85,5,,1体選択,40%の確率で相手の『とくぼう』ランクを2段階下げる。
シェルブレード,みず,物理,75,95,10,直,1体選択,50%の確率で相手の『ぼうぎょ』ランクを1段階下げる。
しおふき,みず,特殊,150,100,5,,相手全体,(150×自分の残りHP÷自分の最大HP)が威力になる。
しおみず,みず,特殊,65,100,10,,1体選択,相手のHPが最大HPの半分以下の時、威力が2倍になる。
シグナルビーム,むし,特殊,75,100,15,,1体選択,10%の確率で相手を1～4ターンの間『こんらん』状態にする。
シザークロス,むし,物理,80,100,15,直,1体選択,通常攻撃。
しぜんのちから,ノーマル,変化,,,20,,不定,地形が草むらの時は『エナジーボール』、沼地の時は『どろばくだん』、水上の時は『ハイドロポンプ』、砂地の時は『だいちのちから』、岩場と洞窟の時は『パワージェム』、雪原の時は『こおりのいぶき』、氷上の時は『れいとうビーム』、ミストフィールドの時は『ムーンフォース』、グラスフィールドの時は『エナジーボール』、エレキフィールドの時は『10まんボルト』、それ以外とスカイバトルの時は『トライアタック』となる。
しぜんのめぐみ,ノーマル,物理,,100,15,,1体選択,持っている『きのみ』によって『タイプ』と威力が変わる。『きのみ』はなくなる。
したでなめる,ゴースト,物理,30,100,30,直,1体選択,30%の確率で相手を『まひ』状態にする。
しっぺがえし,あく,物理,50,100,10,直,1体選択,自分が後攻の時、威力が2倍になる。
しっぽをふる,ノーマル,変化,,100,30,,相手全体,相手の『ぼうぎょ』ランクを1段階下げる。
しねんのずつき,エスパー,物理,80,90,15,直,1体選択,20%の確率で相手をひるませる。
しびれごな,くさ,変化,,75,30,,1体選択,相手を『まひ』状態にする。『でんき』タイプや『くさ』タイプ、特性『ぼうじん』のポケモンには無効。
しぼりとる,ノーマル,特殊,,100,5,直,1体選択,相手の残りHPが多いほど威力が高くなる。最高120。
しめつける,ノーマル,物理,15,85,20,直,1体選択,4～5ターンの間、毎ターン終了後最大HPの1/8のダメージを与え、その間相手は逃げたり交代できない。
シャドークロー,ゴースト,物理,70,100,15,直,1体選択,急所に当たりやすい(急所ランク:+1)。
シャドーダイブ,ゴースト,物理,120,100,5,直,1体選択,1ターン目に消えて、2ターン目に攻撃する。消えている間はほとんどの技を受けない。相手の『まもる』『みきり』『たたみがえし』『キングシールド』『ニードルガード』の効果を受けない。
シャドーパンチ,ゴースト,物理,60,,20,直,1体選択,自分の命中率、相手の回避率に関係なく必ず命中する。特性『てつのこぶし』の時、威力が1.2倍になる。
シャドーボール,ゴースト,特殊,80,100,15,,1体選択,20%の確率で相手の『とくぼう』ランクを1段階下げる。
しろいきり,こおり,変化,,,30,,味方の場,5ターンの間、能力ランクを下げられなくなる。交代しても効果は続く。
しんくうは,かくとう,特殊,40,100,30,,1体選択,必ず先制できる(優先度:+1)。
シンクロノイズ,エスパー,特殊,120,100,10,,自分以外,自分と同じ『タイプ』のポケモン全員にダメージを与える。
しんそく,ノーマル,物理,80,100,5,直,1体選択,必ず先制できる(優先度:+2)。
しんぴのつるぎ,かくとう,特殊,85,100,10,,1体選択,相手の『とくぼう』ではなく、相手の『ぼうぎょ』の能力値でダメージ計算する。
しんぴのまもり,ノーマル,変化,,,25,,味方の場,5ターンの間、状態異常にならなくなる。交代しても効果は続く。
シンプルビーム,ノーマル,変化,,100,15,,1体選択,相手の特性が『たんじゅん』になる。(ダブルバトル・トリプルバトルで味方に使うと良い)
ジオコントロール,フェアリー,変化,,,10,,自分,1ターン目にためて、2ターン目に自分の『とくこう』『とくぼう』『すばやさ』ランクが2段階ずつ上がる。
じこあんじ,ノーマル,変化,,,10,,1体選択,相手にかかっている補助効果を自分にもかける。
じこさいせい,ノーマル,変化,,,10,,自分,HPが最大HPの半分回復する。
じごくぐるま,かくとう,物理,80,80,25,直,1体選択,相手に与えたダメージの1/4を自分も受ける。
じしん,じめん,物理,100,100,10,,自分以外,相手が技『あなをほる』を使っている時でも命中し、ダメージが2倍になる。
じたばた,ノーマル,物理,,100,15,直,1体選択,自分の残りHPが少ないほど威力が高くなる。
じならし,じめん,物理,60,100,20,,自分以外,100%の確率で相手の『すばやさ』ランクを1段階下げる。
じばく,ノーマル,物理,200,100,5,,自分以外,攻撃後、自分が『ひんし』状態になる。
じばそうさ,でんき,変化,,,20,,味方全体,特性が『プラス』『マイナス』のすべての味方のポケモンの『ぼうぎょ』『とくぼう』ランクが1段階ずつ上がる。
ジャイロボール,はがね,物理,,100,5,直,1体選択,相手より『すばやさ』が低いほど威力が高くなる。(25×相手のすばやさ÷自分のすばやさ)+1が威力になる。ただし最大威力は150。小数点以下は切り捨て。
じゃれつく,フェアリー,物理,90,90,10,直,1体選択,10%の確率で相手の『こうげき』ランクを1段階下げる。
じゅうでん,でんき,変化,,,20,,自分,次のターン、自分の『でんき』タイプの技の威力が2倍になる。自分の『とくぼう』ランクが1段階上がる。
10まんボルト,でんき,特殊,90,100,15,,1体選択,10%の確率で相手を『まひ』状態にする。
じゅうりょく,エスパー,変化,,,5,,全体の場,5ターンの間、すべてのポケモンの命中率が上がる。特性『ふゆう』や、『ひこう』タイプのポケモンに『じめん』タイプの技が当たるようになる。また、技『そらをとぶ』『はねる』『とびげり』『とびひざげり』『とびはねる』『でんじふゆう』『フリーフォール』が使えなくなり、使用している場合は解除される。『テレキネシス』を受けなくなり、受けている場合は解除される。
じわれ,じめん,物理,,30,5,,1体選択,相手を『ひんし』状態にする。相手のレベルが自分より高いと失敗する。(30＋自分のレベル－相手のレベル)が命中率になる。
じんつうりき,エスパー,特殊,80,100,20,,1体選択,10%の確率で相手をひるませる。
スイープビンタ,ノーマル,物理,25,85,10,直,1体選択,1ターンに2～5回連続で攻撃する。
すいとる,くさ,特殊,20,100,25,,1体選択,相手に与えたダメージの半分だけ自分のHPが回復する。
スカイアッパー,かくとう,物理,85,90,15,直,1体選択,相手が技『そらをとぶ』『とびはねる』『フリーフォール』を使っている時でも命中する。特性『てつのこぶし』の時、威力が1.2倍になる。
スキルスワップ,エスパー,変化,,,10,,1体選択,自分と相手の特性を入れ替える。ただし、『ふしぎなまもり』など一部の固有な特性は入れ替えられない。
スケッチ,ノーマル,変化,,,1,,1体選択,この技を忘れて、相手が最後に使った技を覚える。戦闘終了後も元に戻らない。
スチームバースト,みず,特殊,110,95,5,,1体選択,30%の確率で相手を『やけど』状態にする。自分が『こおり』状態の時でも使う事ができ、使うと『こおり』状態が治る。また、相手の『こおり』状態を治す。
すてゼリフ,あく,変化,,100,20,,1体選択,相手の『こうげき』『とくこう』を1段階下げたあと、手持ちのポケモンと入れ替わる。相手の『みがわり』状態を貫通する。
すてみタックル,ノーマル,物理,120,100,15,直,1体選択,相手に与えたダメージの1/3を自分も受ける。
ステルスロック,いわ,変化,,,20,,相手の場,使用後、相手はポケモンを交代する度に、出てきたポケモンは最大HPの1/8のダメージを受ける。『タイプ』相性の影響を受け、例えば4倍弱点の場合は最大HPの1/2のダメージとなる。
ストーンエッジ,いわ,物理,100,80,5,,1体選択,急所に当たりやすい(急所ランク:+1)。
すなあらし,いわ,変化,,,10,,全体の場,5ターンの間、天気を『すなあらし』にする。
すなかけ,じめん,変化,,100,15,,1体選択,相手の命中率を1段階下げる。
すなじごく,じめん,物理,35,85,15,,1体選択,4～5ターンの間、毎ターン終了後最大HPの1/8のダメージを与え、その間相手は逃げたり交代できない。
スパーク,でんき,物理,65,100,20,直,1体選択,30%の確率で相手を『まひ』状態にする。
スピードスター,ノーマル,特殊,60,,20,,相手全体,自分の命中率、相手の回避率に関係なく必ず命中する。
スプーンまげ,エスパー,変化,,80,15,,1体選択,相手の命中率を1段階下げる。
スモッグ,どく,特殊,30,70,20,,1体選択,40%の確率で相手を『どく』状態にする。
すりかえ,あく,変化,,100,10,,1体選択,相手と自分が持っている道具を入れ替える。片方しか道具を持っていない場合も成功する。
ずつき,ノーマル,物理,70,100,15,直,1体選択,30%の確率で相手をひるませる。
せいちょう,ノーマル,変化,,,40,,自分,自分の『こうげき』『とくこう』ランクが1段階ずつ上がる。天気が『ひざしがつよい』の時は、2段階ずつ上がる。
せいなるつるぎ,かくとう,物理,90,100,20,直,1体選択,相手の能力ランクの変化に関係なく、ダメージを与える。
せいなるほのお,ほのお,物理,100,95,5,,1体選択,50%の確率で相手を『やけど』状態にする。自分が『こおり』状態の時でも使う事ができ、使うと『こおり』状態が治る。
ぜったいれいど,こおり,特殊,,30,5,,1体選択,相手を『ひんし』状態にする。相手のレベルが自分より高いと失敗する。(30＋自分のレベル－相手のレベル)が命中率になる。
ソーラービーム,くさ,特殊,120,100,10,,1体選択,1ターン目は攻撃せずに、2ターン目で攻撃する。天気が『ひざしがつよい』の時は1ターンためずに攻撃でき、『あめ』『あられ』『すなあらし』の時は威力が半分になる。
そうでん,でんき,変化,,,20,,1体選択,相手が技を出す前に使用すると、そのターン相手の攻撃は『でんき』タイプになる。
ソニックブーム,ノーマル,特殊,,90,20,,1体選択,20の固定ダメージを与える。
そらをとぶ,ひこう,物理,90,95,15,直,1体選択,1ターン目に空中へ飛び上がり、2ターン目に攻撃する。空中にいる間はほとんどの技を受けない。
たいあたり,ノーマル,物理,50,100,35,直,1体選択,通常攻撃。
たがやす,じめん,変化,,,10,,全体,すべての『くさ』タイプのポケモンの『こうげき』『とくこう』ランクが1段階ずつ上がる。
たきのぼり,みず,物理,80,100,15,直,1体選択,20%の確率で相手をひるませる。
たくわえる,ノーマル,変化,,,20,,自分,自分の『ぼうぎょ』『とくぼう』ランクを1段階ずつ上げる。技『のみこむ』『はきだす』の効果を上げる。3回までたくわえることができる。
たたきつける,ノーマル,物理,80,75,20,直,1体選択,通常攻撃。
たたみがえし,かくとう,変化,,,10,,味方の場,そのターンの間、自分と味方への攻撃技を無効化する。変化技は防げない。ただし、出た最初のターンしか成功しない。(先制技ではない)
たたりめ,ゴースト,特殊,65,100,10,,1体選択,相手が状態異常の時、威力が2倍になる。
たつまき,ドラゴン,特殊,40,100,20,,相手全体,20%の確率で相手をひるませる。相手が技『そらをとぶ』『とびはねる』『フリーフォール』を使っている時でも命中し、ダメージが2倍になる。
タネばくだん,くさ,物理,80,100,15,,1体選択,通常攻撃。
タネマシンガン,くさ,物理,25,100,30,,1体選択,1ターンに2～5回連続で攻撃する。
タマゴうみ,ノーマル,変化,,,10,,自分,HPが最大HPの半分回復する。
タマゴばくだん,ノーマル,物理,100,75,10,,1体選択,通常攻撃。
たまなげ,ノーマル,物理,15,85,20,,1体選択,1ターンに2～5回連続で攻撃する。
ダークホール,あく,変化,,80,10,,相手全体,相手を2～4ターン(実質1～3ターン)の間『ねむり』状態にする。
だいちのちから,じめん,特殊,90,100,10,,1体選択,10%の確率で相手の『とくぼう』ランクを1段階下げる。
だいばくはつ,ノーマル,物理,250,100,5,,自分以外,攻撃後、自分が『ひんし』状態になる。
ダイビング,みず,物理,80,100,10,直,1体選択,1ターン目に水中へ潜り、2ターン目に攻撃する。水中にいる間はほとんどの技を受けない。
だいもんじ,ほのお,特殊,110,85,5,,1体選択,10%の確率で相手を『やけど』状態にする。
ダイヤストーム,いわ,物理,100,95,5,,相手全体,50%の確率で自分の『ぼうぎょ』ランクが1段階上がる。
だくりゅう,みず,特殊,90,85,10,,相手全体,30%の確率で相手の命中率を1段階下げる。
ダストシュート,どく,物理,120,80,5,,1体選択,30%の確率で相手を『どく』状態にする。
ダブルアタック,ノーマル,物理,35,90,10,直,1体選択,1ターンに2回連続で攻撃する。
ダブルチョップ,ドラゴン,物理,40,90,15,直,1体選択,1ターンに2回連続で攻撃する。
ダブルニードル,むし,物理,25,100,20,,1体選択,1ターンに2回連続で攻撃する。20%の確率で相手を『どく』状態にする。
だましうち,あく,物理,60,,20,直,1体選択,自分の命中率、相手の回避率に関係なく必ず命中する。
ダメおし,あく,物理,60,100,10,直,1体選択,そのターン、相手が既にダメージを受けている時、威力が2倍になる。
だんがいのつるぎ,じめん,物理,120,85,10,,相手全体,通常攻撃。
ちいさくなる,ノーマル,変化,,,10,,自分,自分の回避率を2段階上げる。ただし、技『のしかかり』『ふみつけ』『ドラゴンダイブ』『ハードローラー』『フライングプレス』『ゴーストダイブ』は必ず命中し威力2倍で受けるようになってしまう。
ちきゅうなげ,かくとう,物理,,100,20,直,1体選択,自分のレベルと同じ値の固定ダメージを与える。
チャージビーム,でんき,特殊,50,90,10,,1体選択,70%の確率で自分の『とくこう』ランクが1段階上がる。
チャームボイス,フェアリー,特殊,40,,15,,相手全体,自分の命中率、相手の回避率に関係なく必ず命中する。相手の『みがわり』状態を貫通する。
ちょうおんぱ,ノーマル,変化,,55,20,,1体選択,相手を1～4ターンの間『こんらん』状態にする。相手の『みがわり』状態を貫通する。
ちょうのまい,むし,変化,,,20,,自分,自分の『とくこう』『とくぼう』『すばやさ』ランクが1段階ずつ上がる。
ちょうはつ,あく,変化,,100,20,,1体選択,3ターンの間、相手は攻撃技しか出せなくなる。(変化技を使えなくする)
ついばむ,ひこう,物理,60,100,20,直,1体選択,相手が持っているバトルに効果のある『きのみ』を奪って、自分に使う。
つきのひかり,フェアリー,変化,,,5,,自分,HPが、天気が通常の時は最大HPの1/2、『ひざしがつよい』の時は最大HPの2/3、『あめ』『あられ』『すなあらし』の時は最大HPの1/4回復する。
つじぎり,あく,物理,70,100,15,直,1体選択,急所に当たりやすい(急所ランク:+1)。
つっぱり,かくとう,物理,15,100,20,直,1体選択,1ターンに2～5回連続で攻撃する。
つつく,ひこう,物理,35,100,35,直,1体選択,通常攻撃。
つのでつく,ノーマル,物理,65,100,25,直,1体選択,通常攻撃。
つのドリル,ノーマル,物理,,30,5,直,1体選択,相手を『ひんし』状態にする。相手のレベルが自分より高いと失敗する。(30＋自分のレベル－相手のレベル)が命中率になる。
つばさでうつ,ひこう,物理,60,100,35,直,1体選択,通常攻撃。
つばめがえし,ひこう,物理,60,,20,直,1体選択,自分の命中率、相手の回避率に関係なく必ず命中する。
つぶらなひとみ,フェアリー,変化,,100,30,,1体選択,必ず先制できる(優先度:+1)。相手の『こうげき』ランクを1段階下げる。
つぼをつく,ノーマル,変化,,,30,,自分か味方,ランダムで『こうげき』『ぼうぎょ』『とくこう』『とくぼう』『すばやさ』『回避率』『命中率』ランクのどれか1つが2段階上がる。
つめとぎ,あく,変化,,,15,,自分,自分の『こうげき』『命中率』ランクが1段階ずつ上がる。
つららおとし,こおり,物理,85,90,10,,1体選択,30%の確率で相手をひるませる。
つららばり,こおり,物理,25,100,30,,1体選択,1ターンに2～5回連続で攻撃する。
つるぎのまい,ノーマル,変化,,,20,,自分,自分の『こうげき』ランクを2段階上げる。
つるのムチ,くさ,物理,45,100,25,直,1体選択,通常攻撃。
てかげん,ノーマル,物理,40,100,40,直,1体選択,この技のダメージで相手のHPが0になる時、相手のHPを1にする。野生のポケモンを捕まえる時に便利。
テクスチャー,ノーマル,変化,,,30,,自分,自分の『タイプ』を、自分の一番上の技と同じタイプに変える。
テクスチャー2,ノーマル,変化,,,30,,1体選択,自分のタイプを相手が最後に使った技が効きづらいタイプに変える。どのタイプになるかはランダム。
テクノバスター,ノーマル,特殊,120,100,5,,1体選択,持たせた『カセット』によって『タイプ』が変わる。
てだすけ,ノーマル,変化,,,20,,味方1体,必ず先制できる(優先度:+5)。使用したターンの間、味方の技の威力を1.5倍にする。
てっぺき,はがね,変化,,,15,,自分,自分の『ぼうぎょ』ランクを2段階上げる。
テレキネシス,エスパー,変化,,,15,,1体選択,3ターンの間、相手を『テレキネシス』状態にする。『じめん』タイプの技が当たらなくなるが、それ以外の技が必ず命中するようになる。ただし、一撃必殺の技は変化しない。
テレポート,エスパー,変化,,,20,,自分,野生のポケモンとの戦闘を終了する。
てんしのキッス,フェアリー,変化,,75,10,,1体選択,相手を1～4ターンの間『こんらん』状態にする。
デスウイング,ひこう,特殊,80,100,10,,1体選択,相手に与えたダメージの3/4だけ自分のHPが回復する。
でんきショック,でんき,特殊,40,100,30,,1体選択,10%の確率で相手を『まひ』状態にする。
でんげきは,でんき,特殊,60,,20,,1体選択,自分の命中率、相手の回避率に関係なく必ず命中する。
でんこうせっか,ノーマル,物理,40,100,30,直,1体選択,必ず先制できる(優先度:+1)。
でんじは,でんき,変化,,100,20,,1体選択,相手を『まひ』状態にする。『じめん』タイプや『でんき』タイプには無効。
でんじふゆう,でんき,変化,,,10,,自分,5ターンの間、『じめん』タイプの技を受けなくなる。
でんじほう,でんき,特殊,120,50,5,,1体選択,100%の確率で相手を『まひ』状態にする。
とおせんぼう,ノーマル,変化,,,5,,1体選択,相手は逃げたり、交代できなくなる。自分が場を離れると効果は消える。
とおぼえ,ノーマル,変化,,,40,,自分,自分の『こうげき』ランクを1段階上げる。
ときのほうこう,ドラゴン,特殊,150,90,5,,1体選択,使用した次のターンは行動できない。
とぐろをまく,どく,変化,,,20,,自分,自分の『こうげき』『ぼうぎょ』『命中率』ランクが1段階ずつ上がる。
とける,どく,変化,,,20,,自分,自分の『ぼうぎょ』ランクを2段階上げる。
とげキャノン,ノーマル,物理,20,100,15,,1体選択,1ターンに2～5回連続で攻撃する。
とっしん,ノーマル,物理,90,85,20,直,1体選択,相手に与えたダメージの1/4を自分も受ける。
とっておき,ノーマル,物理,140,100,5,直,1体選択,この技は自分の持っている他の技をすべて使うと使えるようになる。
とどめばり,むし,物理,30,100,25,直,1体選択,この技で相手を倒すと、自分の『こうげき』ランクが2段階上がる。
とびげり,かくとう,物理,100,95,10,直,1体選択,攻撃が外れると、自分の最大HPの半分のダメージを自分が受ける。
とびはねる,ひこう,物理,85,85,5,直,1体選択,1ターン目に空中へ飛び上がり、2ターン目に攻撃する。空中にいる間はほとんどの技を受けない。30%の確率で相手を『まひ』状態にする。
とびひざげり,かくとう,物理,130,90,10,直,1体選択,攻撃が外れると、自分の最大HPの半分のダメージを自分が受ける。
ともえなげ,かくとう,物理,60,90,10,直,1体選択,必ず後攻になる(優先度:-6)。攻撃後、相手のポケモンを強制的に交代させる。野生のポケモンの場合は戦闘を終了する。
トライアタック,ノーマル,特殊,80,100,10,,1体選択,20%の確率で相手を『まひ』『やけど』『こおり』状態のうちの1つにする。どの状態異常になるかはランダム。
トリック,エスパー,変化,,100,10,,1体選択,相手と自分が持っている道具を入れ替える。片方しか道具を持っていない場合も成功する。
トリックガード,フェアリー,変化,,,10,,味方の場,必ず先制でき(優先度:+3)、そのターンの間、すべての味方への変化技を無効化する。
トリックルーム,エスパー,変化,,,5,,全体の場,5ターンの間、『すばやさ』が低いポケモンから攻撃できるようになる。ただし、必ず先制できる技には無効。もう1度使用すると元に戻る。必ず後攻になる(優先度:-7)。
トリプルキック,かくとう,物理,10,90,10,直,1体選択,1ターンに3回連続で攻撃する。攻撃が当たる度に威力が10ずつ増える。
とんぼがえり,むし,物理,70,100,20,直,1体選択,攻撃後、手持ちのポケモンと入れ替わる。
どくガス,どく,変化,,90,40,,相手全体,相手を『どく』状態にする。『どく』タイプや『はがね』タイプには無効。
どくづき,どく,物理,80,100,20,直,1体選択,30%の確率で相手を『どく』状態にする。
どくどく,どく,変化,,90,10,,1体選択,相手を『もうどく』状態にする。『もうどく』状態は通常の『どく』状態と違い、受けるダメージが1/16、2/16、3/16・・・と増えていく。『どく』タイプのポケモンが使うと必ず命中する。『どく』タイプや『はがね』タイプには無効。
どくどくのキバ,どく,物理,50,100,15,直,1体選択,50%の確率で相手を『もうどく』状態にする。『もうどく』状態は通常の『どく』状態と違い、受けるダメージが1/16、2/16、3/16・・・と増えていく。
どくのこな,どく,変化,,75,35,,1体選択,相手を『どく』状態にする。『どく』タイプや『はがね』タイプ、『くさ』タイプ、特性『ぼうじん』のポケモンには無効。
どくばり,どく,物理,15,100,35,,1体選択,30%の確率で相手を『どく』状態にする。
どくびし,どく,変化,,,20,,相手の場,使用後、相手はポケモンを交代する度に、出したポケモンが『どく』状態になる。2回使うと『もうどく』状態になる。『ひこう』タイプ、特性『ふゆう』のポケモンは効果を受けない。『どく』タイプのポケモンが出ると効果がなくなる。
ドラゴンクロー,ドラゴン,物理,80,100,15,直,1体選択,通常攻撃。
ドラゴンダイブ,ドラゴン,物理,100,75,10,直,1体選択,20%の確率で相手をひるませる。相手が『ちいさくなる』を使用していると必ず命中し、威力が2倍になる。
ドラゴンテール,ドラゴン,物理,60,90,10,直,1体選択,必ず後攻になる(優先度:-6)。攻撃後、相手のポケモンを強制的に交代させる。野生のポケモンの場合は戦闘を終了する。
ドリルくちばし,ひこう,物理,80,100,20,直,1体選択,通常攻撃。
ドリルライナー,じめん,物理,80,95,10,直,1体選択,急所に当たりやすい(急所ランク:+1)。
ドレインキッス,フェアリー,特殊,50,100,10,直,1体選択,相手に与えたダメージの3/4だけ自分のHPが回復する。
ドレインパンチ,かくとう,物理,75,100,10,直,1体選択,相手に与えたダメージの半分だけ自分のHPが回復する。特性『てつのこぶし』の時、威力が1.2倍になる。
どろあそび,じめん,変化,,,15,,全体の場,5ターンの間、『でんき』タイプの技の威力が1/3になる。
どろかけ,じめん,特殊,20,100,10,,1体選択,100%の確率で相手の命中率を1段階下げる。
どろばくだん,じめん,特殊,65,85,10,,1体選択,30%の確率で相手の命中率を1段階下げる。
どろぼう,あく,物理,60,100,25,直,1体選択,相手が持っている道具を自分の物にする。自分が既に道具を持っている場合は失敗するが、技『はたきおとす』で自分の道具が無効化されている時は奪う事ができ、道具は上書きされる。トレーナー戦の場合はバトル終了後になくなる。
ドわすれ,エスパー,変化,,,20,,自分,自分の『とくぼう』ランクを2段階上げる。
ないしょばなし,ノーマル,変化,,,20,,1体選択,相手の『とくこう』ランクを1段階下げる。自分の命中率、相手の回避率に関係なく必ず命中する。相手が『まもる』『みきり』『たたみがえし』『キングシールド』『ニードルガード』『ファストガード』『ワイドガード』をしていても成功する。相手の『みがわり』状態を貫通する。
ナイトバースト,あく,特殊,85,95,10,,1体選択,40%の確率で相手の命中率を1段階下げる。
ナイトヘッド,ゴースト,特殊,,100,15,,1体選択,自分のレベルと同じ値の固定ダメージを与える。
なかまづくり,ノーマル,変化,,100,15,,1体選択,相手の特性を自分と同じ特性にする。
なかよくする,ノーマル,変化,,,20,,1体選択,相手の『こうげき』ランクを1段階下げる。自分の命中率、相手の回避率に関係なく必ず命中する。相手が『まもる』『みきり』『たたみがえし』『キングシールド』『ニードルガード』『ファストガード』『ワイドガード』をしていても成功する。相手の『みがわり』状態を貫通する。
なきごえ,ノーマル,変化,,100,40,,相手全体,相手の『こうげき』ランクを1段階下げる。相手の『みがわり』状態を貫通する。
なげつける,あく,物理,,100,10,,1体選択,自分の持っている道具によって効果が変化する。投げつけた道具はなくなる。
なしくずし,ノーマル,物理,70,100,20,直,1体選択,相手の能力ランクの変化に関係なく、ダメージを与える。
なまける,ノーマル,変化,,,10,,自分,HPが最大HPの半分回復する。
なみのり,みず,特殊,90,100,15,,自分以外,相手が『ダイビング』を使っている時でも命中し、ダメージが2倍になる。
なやみのタネ,くさ,変化,,100,10,,1体選択,相手の特性を『ふみん』にする。ただし、『なまけ』『バトルスイッチ』など一部の固有な特性の場合は失敗する。
なりきり,エスパー,変化,,,10,,1体選択,自分の特性を相手の特性と同じにする。ただし、『ふしぎなまもり』など一部の固有な特性はコピーできない。
ニードルアーム,くさ,物理,60,100,15,直,1体選択,30%の確率で相手をひるませる。
ニードルガード,くさ,変化,,,10,,自分,必ず先制でき(優先度:+4)、そのターンの間、相手の攻撃を防ぐと同時に、直接攻撃をした相手に相手の最大HPの1/8のダメージを与える。連続で使うと失敗しやすくなる。
にぎりつぶす,ノーマル,物理,,100,5,直,1体選択,相手の残りHPが多いほど威力が高くなる。最高120。
ニトロチャージ,ほのお,物理,50,100,20,直,1体選択,100%の確率で自分の『すばやさ』ランクが1段階上がる。
にどげり,かくとう,物理,30,100,30,直,1体選択,1ターンに2回連続で攻撃する。
にほんばれ,ほのお,変化,,,5,,全体の場,5ターンの間、天気を『ひざしがつよい』にする。
にらみつける,ノーマル,変化,,100,30,,相手全体,相手の『ぼうぎょ』ランクを1段階下げる。
ねがいごと,ノーマル,変化,,,10,,自分,次のターンの終了時にHPが最大HPの半分回復する。交代した場合は同じ位置にいるポケモンが回復する。
ねこだまし,ノーマル,物理,40,100,10,直,1体選択,必ず先制でき(優先度:+3)、100%の確率で相手をひるませる。ただし、出た最初のターンしか成功しない。
ネコにこばん,ノーマル,物理,40,100,20,,1体選択,戦闘終了後にお金が(自分のレベル×攻撃回数×5)円余計に手に入る。
ねこのて,ノーマル,変化,,,20,,自分,自分以外の『てもち』のポケモンの技のうち1つをランダムで使う。PPが減少するのはこの技のみ。
ねごと,ノーマル,変化,,,10,,自分,自分が『ねむり』状態の時のみ使用可能。自分の持っている技のうち1つをランダムで使う。PPが減少するのはこの技のみ。
ねっとう,みず,特殊,80,100,15,,1体選択,30%の確率で相手を『やけど』状態にする。自分が『こおり』状態の時でも使う事ができ、使うと『こおり』状態が治る。また、相手の『こおり』状態を治す。
ねっぷう,ほのお,特殊,95,90,10,,相手全体,10%の確率で相手を『やけど』状態にする。
ねばねばネット,むし,変化,,,20,,相手の場,使用後、相手はポケモンを交代する度に、出てきたポケモンの『すばやさ』ランクが1段階下がる。『ひこう』タイプや特性『ふゆう』のポケモンは影響を受けない。
ねむりごな,くさ,変化,,75,15,,1体選択,相手を2～4ターン(実質1～3ターン)の間『ねむり』状態にする。『くさ』タイプや特性『ぼうじん』のポケモンには無効。
ねむる,エスパー,変化,,,10,,自分,HPと状態異常をすべて回復した後、2ターンの間『ねむり』状態になる。
ねをはる,くさ,変化,,,20,,自分,使用後、毎ターン、HPが最大HPの1/16ずつ回復するが、交代できなくなる。自分が『ひこう』タイプや、特性『ふゆう』のポケモンの場合は『じめん』タイプの技が当たるようになる。
ねんりき,エスパー,特殊,50,100,25,,1体選択,10%の確率で相手を1～4ターンの間『こんらん』状態にする。
のしかかり,ノーマル,物理,85,100,15,直,1体選択,30%の確率で相手を『まひ』状態にする。相手が技『ちいさくなる』を使用していると必ず命中し、威力が2倍になる。
のみこむ,ノーマル,変化,,,10,,自分,技『たくわえる』を使った数だけHPが多く回復する。1つの時は最大HPの1/4、2つの時は最大HPの1/2、3つの時は全回復する。技『たくわえる』で上がった『ぼうぎょ』『とくぼう』ランクは元に戻る。技『たくわえる』を使っていない時は失敗する。
のろい,ゴースト,変化,,,10,,不定,自分のタイプが『ゴースト』タイプの時は自分のHPを最大HPの半分だけ減らして、相手を『のろい』状態にする。『のろい』状態になると毎ターン、HPが最大HPの1/4ずつ減る。それ以外のポケモンの場合『すばやさ』ランクが1段階下がり、『こうげき』『ぼうぎょ』ランクが1段階ずつ上がる。
ハートスタンプ,エスパー,物理,60,100,25,直,1体選択,30%の確率で相手をひるませる。
ハートスワップ,エスパー,変化,,,10,,1体選択,自分と相手のすべての能力ランクを入れ替える。
ハードプラント,くさ,特殊,150,90,5,,1体選択,使用した次のターンは行動できない。
ハードローラー,むし,物理,65,100,20,直,1体選択,30%の確率で相手をひるませる。相手が技『ちいさくなる』を使用していると威力が2倍になる。
ハイドロカノン,みず,特殊,150,90,5,,1体選択,使用した次のターンは行動できない。
ハイドロポンプ,みず,特殊,110,80,5,,1体選択,通常攻撃。
ハイパーボイス,ノーマル,特殊,90,100,10,,相手全体,通常攻撃。相手の『みがわり』状態を貫通する。
はかいこうせん,ノーマル,特殊,150,90,5,,1体選択,使用した次のターンは行動できない。
はがねのつばさ,はがね,物理,70,90,25,直,1体選択,10%の確率で自分の『ぼうぎょ』ランクが1段階上がる。
はきだす,ノーマル,特殊,,100,10,,1体選択,技『たくわえる』を使った数だけ威力が高くなる。1つの時は100、2つの時は200、3つの時は300になる。技『たくわえる』で上がった『ぼうぎょ』『とくぼう』ランクは元に戻る。技『たくわえる』を使っていない時は失敗する。
ハサミギロチン,ノーマル,物理,,30,5,直,1体選択,相手を『ひんし』状態にする。相手のレベルが自分より高いと失敗する。(30＋自分のレベル－相手のレベル)が命中率になる。
はさむ,ノーマル,物理,55,100,30,直,1体選択,通常攻撃。
はじけるほのお,ほのお,特殊,70,100,15,,1体選択,ダブルバトル・トリプルバトルの時、相手の周りにいるポケモンにも相手の最大HPの1/16のダメージを与える。
はたきおとす,あく,物理,65,100,20,直,1体選択,相手が道具を持っている場合、ダメージが1.5倍になり、さらに道具を持っていない状態にする。戦闘終了後、道具は元に戻る。
はたく,ノーマル,物理,40,100,35,直,1体選択,通常攻撃。
はっけい,かくとう,物理,60,100,10,直,1体選択,30%の確率で相手を『まひ』状態にする。
はっぱカッター,くさ,物理,55,95,25,,相手全体,急所に当たりやすい(急所ランク:+1)。
ハッピータイム,ノーマル,変化,0,0,30,,自分,戦闘後に得られる賞金が2倍になる。(その他は不明)
はどうだん,かくとう,特殊,80,,20,,1体選択,自分の命中率、相手の回避率に関係なく必ず命中する。
はなびらのまい,くさ,特殊,120,100,10,直,ランダム1体,2～3ターン連続で攻撃し、その後自分は1～4ターンの間『こんらん』状態になる。
はなふぶき,くさ,物理,90,100,15,,自分以外,通常攻撃。
はねやすめ,ひこう,変化,,,10,,自分,HPが最大HPの半分回復するが、そのターンは『ひこう』タイプではなくなる。
はねる,ノーマル,変化,,,40,,自分,何も起こらない。
はめつのねがい,はがね,特殊,140,100,5,,1体選択,2ターン後に攻撃する。交代した場合は同じ位置にいるポケモンに攻撃する。タイプ相性の影響を受ける。
はめつのひかり,フェアリー,特殊,140,90,5,,1体選択,相手に与えたダメージの1/3を自分も受ける。
はらだいこ,ノーマル,変化,,,10,,自分,自分のHPを最大HPの半分だけ減らす代わりに、自分の『こうげき』ランクを最大まで上げる。
ハロウィン,ゴースト,変化,,100,20,,1体選択,相手の『タイプ』に『ゴースト』タイプを追加する。
バークアウト,あく,特殊,55,95,15,,相手全体,100%の確率で相手の『とくこう』ランクを1段階下げる。相手の『みがわり』状態を貫通する。
ばかぢから,かくとう,物理,120,100,5,直,1体選択,攻撃後、自分の『こうげき』『ぼうぎょ』ランクが1段階ずつ下がる。
ばくおんぱ,ノーマル,特殊,140,100,10,,自分以外,相手の『みがわり』状態を貫通する。
ばくれつパンチ,かくとう,物理,100,50,5,直,1体選択,100%の確率で相手を1～4ターンの間『こんらん』状態にする。特性『てつのこぶし』の時、威力が1.2倍になる。
バトンタッチ,ノーマル,変化,,,40,,自分,他の味方のポケモンと交代し、かかっていた補助効果を引き継ぐ。
バブルこうせん,みず,特殊,65,100,20,,1体選択,10%の確率で相手の『すばやさ』ランクを1段階下げる。
バリアー,エスパー,変化,,,20,,自分,自分の『ぼうぎょ』ランクを2段階上げる。
バレットパンチ,はがね,物理,40,100,30,直,1体選択,必ず先制できる(優先度:+1)。特性『てつのこぶし』の時、威力が1.2倍になる。
パラボラチャージ,でんき,特殊,50,100,20,,自分以外,与えたダメージの半分自分のHPが回復する。
パワーウィップ,くさ,物理,120,85,10,直,1体選択,通常攻撃。
パワーシェア,エスパー,変化,,,10,,1体選択,自分と相手の『こうげき』と『とくこう』を足して半分に分ける。
パワージェム,いわ,特殊,80,100,20,,1体選択,通常攻撃。
パワースワップ,エスパー,変化,,,10,,1体選択,自分と相手の『こうげき』『とくこう』ランクを入れ替える。
パワートリック,エスパー,変化,,,10,,自分,自分の『こうげき』と『ぼうぎょ』を入れ替える。『ランク』は変化しない。
ヒートスタンプ,ほのお,物理,,100,10,直,1体選択,自分の『おもさ』が相手より重いほど威力が高くなる。相手の『おもさ』が自分の1/5以下なら120、1/4以下なら100、1/3以下なら80、1/2以下なら60、それ以上なら40。
ひかりのかべ,エスパー,変化,,,30,,味方の場,5ターンの間、相手の特殊攻撃のダメージを半分にする。味方2体の場合は半分ではなく2/3になる。急所に当たった場合は軽減されない。交代しても効果は続く。
ひっかく,ノーマル,物理,40,100,35,直,1体選択,通常攻撃。
ひっくりかえす,あく,変化,,,20,,1体選択,相手のすべての能力ランクのプラスとマイナスを逆にする。
ひっさつまえば,ノーマル,物理,80,90,15,直,1体選択,10%の確率で相手をひるませる。
ひのこ,ほのお,特殊,40,100,25,,1体選択,10%の確率で相手を『やけど』状態にする。
ひみつのちから,ノーマル,物理,70,100,20,,1体選択,30%の確率で相手に以下の追加効果を与える。地形が草むらと水たまりの時は『ねむり』状態、沼の時は『すばやさ』ランクを1段階下げ、水上の時は『こうげき』ランクを1段階下げ、砂地の時は命中率を1段階下げ、岩場と洞窟の時はひるませ、雪原と氷上の時は『こおり』状態、その他は『まひ』状態にする。また、ORASではフィールドで使うと秘密基地を作ることができる。
ビルドアップ,かくとう,変化,,,20,,自分,自分の『こうげき』『ぼうぎょ』ランクを1段階ずつ上げる。
ピヨピヨパンチ,ノーマル,物理,70,100,10,直,1体選択,20%の確率で相手を1～4ターンの間『こんらん』状態にする。特性『てつのこぶし』の時、威力が1.2倍になる。
ファストガード,かくとう,変化,,,15,,味方の場,必ず先制でき(優先度:+3)、そのターンの間、自分と味方は相手の先制攻撃の技を受けない。特性の効果による先制攻撃も受けない。
ふいうち,あく,物理,80,100,5,直,1体選択,必ず先制できる(優先度:+1)。相手が使う技が攻撃技ではない場合や、優先度などの関係ですでに攻撃を終えていた場合は失敗する。相手が『ねむり』『こおり』状態でも攻撃技を選択していれば成功する。
ふういん,エスパー,変化,,,10,,自分,自分が覚えている技を相手は使えなくなる。
フェアリーロック,フェアリー,変化,,,10,,全体の場,次のターン、すべてのポケモンは逃げたり交代できなくなる。
フェイント,ノーマル,物理,30,100,10,,1体選択,必ず先制できる(優先度:+2)。相手が技『まもる』『みきり』『たたみがえし』『キングシールド』『ニードルガード』『ファストガード』『ワイドガード』をしている場合は、その効果を解除して攻撃できる(使用していない場合は通常攻撃)。
フェザーダンス,ひこう,変化,,100,15,,1体選択,相手の『こうげき』ランクを2段階下げる。
ふきとばし,ノーマル,変化,,,20,,1体選択,必ず後攻になる(優先度:-6)。相手のポケモンを強制的に交代させる。野生のポケモンの場合は戦闘を終了する。自分の命中率、相手の回避率に関係なく必ず命中する。相手が『まもる』『みきり』『たたみがえし』『キングシールド』『ニードルガード』『ファストガード』『ワイドガード』をしていても成功する。相手の『みがわり』状態を貫通する。野生のポケモンの場合、相手が自分のレベルより高い場合は失敗する。
ふくろだたき,あく,物理,,100,10,,1体選択,自分を含む『ひんし』や状態異常でない『てもち』のポケモンの数だけ攻撃する。
ふぶき,こおり,特殊,110,70,5,,相手全体,10%の確率で相手を『こおり』状態にする。天気が『あられ』の時は必ず命中する。
ふみつけ,ノーマル,物理,65,100,20,直,1体選択,30%の確率で相手をひるませる。相手が技『ちいさくなる』を使用していると必ず命中し、威力が2倍になる。
フライングプレス,かくとう,物理,80,95,10,直,1体選択,この技は『かくとう』タイプであると同時に『ひこう』タイプでもある。相手が技『ちいさくなる』を使用していると必ず命中し、威力が2倍になる。
フラッシュ,ノーマル,変化,,100,20,,1体選択,相手の命中率を1段階下げる。
フラフラダンス,ノーマル,変化,,100,20,,自分以外,相手を1～4ターンの間『こんらん』状態にする。
フラワーガード,フェアリー,変化,,,10,,全体,すべての『くさ』タイプのポケモンの『ぼうぎょ』ランクが1段階上がる。
フリーズドライ,こおり,特殊,70,100,20,,1体選択,10%の確率で相手を『こおり』状態にする。この技は『みず』タイプにも効果抜群になる。
フリーズボルト,こおり,物理,140,90,5,,1体選択,1ターン目は攻撃せずに、2ターン目で攻撃する。30%の確率で相手を『まひ』状態にする。
フリーフォール,ひこう,物理,60,100,10,直,1体選択,1ターン目に相手とともに空中へ飛び上がり、2ターン目で攻撃する。空中にいる間はほとんどの技を受けず、相手は行動できない。『ひこう』タイプのポケモンはダメージを受けない。相手が体重200kg以上の場合は失敗する。
ふるいたてる,ノーマル,変化,,,30,,自分,自分の『こうげき』『とくこう』ランクが1段階ずつ上がる。
フレアドライブ,ほのお,物理,120,100,15,直,1体選択,相手に与えたダメージの1/3を自分も受ける。10%の確率で相手を『やけど』状態にする。自分が『こおり』状態の時でも使う事ができ、使うと『こおり』状態が治る。
ふんえん,ほのお,特殊,80,100,15,,自分以外,30%の確率で相手を『やけど』状態にする。
ふんか,ほのお,特殊,150,100,5,,相手全体,(150×自分の残りHP÷自分の最大HP)が威力になる。
ふんじん,むし,変化,,100,20,,1体選択,必ず先制でき(優先度:+1)、そのターンに相手が『ほのお』タイプの技を使うと、相手は技が失敗し最大HPの1/4のダメージを受ける。『くさ』タイプや特性『ぼうじん』のポケモンには無効。
Vジェネレート,ほのお,物理,180,95,5,直,1体選択,攻撃後、自分の『すばやさ』『ぼうぎょ』『とくぼう』ランクが1段階ずつ下がる。
ブラストバーン,ほのお,特殊,150,90,5,,1体選択,使用した次のターンは行動できない。
ブレイククロー,ノーマル,物理,75,95,10,直,1体選択,50%の確率で相手の『ぼうぎょ』ランクを1段階下げる。
ブレイズキック,ほのお,物理,85,90,10,直,1体選択,10%の確率で相手を『やけど』状態にする。急所に当たりやすい(急所ランク:+1)。
ブレイブバード,ひこう,物理,120,100,15,直,1体選択,相手に与えたダメージの1/3を自分も受ける。
プラズマシャワー,でんき,変化,,,25,,全体の場,必ず先制でき(優先度:+1)、そのターンの間、すべての『ノーマル』タイプの技を『でんき』タイプにする。
プレゼント,ノーマル,物理,,90,15,,1体選択,40%の確率で威力40、30%で威力80、10%の確率で威力120になり、20%の確率で相手のHPを最大HPの1/4回復する。
ヘドロウェーブ,どく,特殊,95,100,10,,自分以外,10%の確率で相手を『どく』状態にする。
ヘドロこうげき,どく,特殊,65,100,20,,1体選択,30%の確率で相手を『どく』状態にする。
ヘドロばくだん,どく,特殊,90,100,10,,1体選択,30%の確率で相手を『どく』状態にする。
ヘビーボンバー,はがね,物理,,100,10,直,1体選択,自分の『おもさ』が相手より重いほど威力が高くなる。相手の『おもさ』が自分の1/5以下なら120、1/4以下なら100、1/3以下なら80、1/2以下なら60、それ以上なら40。
へびにらみ,ノーマル,変化,,100,30,,1体選択,相手を『まひ』状態にする。『でんき』タイプには無効。
へんしん,ノーマル,変化,,,10,,1体選択,一時的に、相手と同じ『ナンバー』『グラフィックス』『能力値』『個体値』『ランク』『特性』『技』になる。ただしHPはそのままであり、技のPPはすべて5になる。交代すると元に戻る。
ベノムショック,どく,特殊,65,100,10,,1体選択,相手が『どく』状態の時、威力が2倍になる。
ベノムトラップ,どく,変化,,100,20,,相手全体,『どく』『もうどく』状態のすべての相手の『こうげき』『とくこう』『すばやさ』ランクを1段階ずつ下げる。
ほうでん,でんき,特殊,80,100,15,,自分以外,30%の確率で相手を『まひ』状態にする。
ほえる,ノーマル,変化,,,20,,1体選択,必ず後攻になる(優先度:-6)。相手のポケモンを強制的に交代させる。野生のポケモンの場合は戦闘を終了する。自分の命中率、相手の回避率に関係なく必ず命中する。相手が『まもる』『みきり』『たたみがえし』『キングシールド』『ニードルガード』『ファストガード』『ワイドガード』をしていても成功する。相手の『みがわり』状態を貫通する。野生のポケモンの場合、相手が自分のレベルより高い場合は失敗する。
ほごしょく,ノーマル,変化,,,20,,自分,自分の『タイプ』を、地形が草むらと水たまりの時は『くさ』タイプ、砂地と沼の時は『じめん』タイプ、水上の時は『みず』タイプ、岩場と洞窟の時は『いわ』タイプ、雪原と氷上の時は『こおり』タイプ、その他は『ノーマル』タイプに変える。ただし、同じ『タイプ』を持っている場合は失敗する。
ほしがる,ノーマル,物理,60,100,25,直,1体選択,相手が持っている道具を自分の物にする。自分が既に道具を持っている場合は失敗するが、技『はたきおとす』で自分の道具が無効化されている時は奪う事ができ、道具は上書きされる。トレーナー戦の場合はバトル終了後になくなる。
ほたるび,むし,変化,,,20,,自分,自分の『とくこう』ランクが3段階上がる。
ほっぺすりすり,でんき,物理,20,100,20,直,1体選択,100%の確率で相手を『まひ』状態にする。
ホネこんぼう,じめん,物理,65,85,20,,1体選択,10%の確率で相手をひるませる。
ホネブーメラン,じめん,物理,50,90,10,,1体選択,1ターンに2回連続で攻撃する。
ほのおのうず,ほのお,特殊,35,85,15,,1体選択,4～5ターンの間、毎ターン終了後最大HPの1/8のダメージを与え、その間相手は逃げたり交代できない。
ほのおのキバ,ほのお,物理,65,95,15,直,1体選択,10%の確率で相手を『やけど』状態にするか、ひるませる。
ほのおのちかい,ほのお,特殊,80,100,10,,1体選択,ダブルバトル・トリプルバトルで、技『くさのちかい』と組み合わせて使用すると4ターンの間毎ターン『ほのお』タイプ以外の相手にダメージを与え、技『みずのちかい』と組み合わせて使用すると4ターンの間技の追加効果が出やすくなる。また、威力が150になる。
ほのおのパンチ,ほのお,物理,75,100,15,直,1体選択,10%の確率で相手を『やけど』状態にする。特性『てつのこぶし』の時、威力が1.2倍になる。
ほのおのまい,ほのお,特殊,80,100,10,,1体選択,50%の確率で自分の『とくこう』ランクが1段階上がる。
ほろびのうた,ノーマル,変化,,,5,,全体,3ターン後に、この技を使った時に出ていた自分を含むすべてのポケモンは『ひんし』状態になる。それまでに交代したポケモンは効果が消える。相手の『みがわり』状態を貫通する。
ボーンラッシュ,じめん,物理,25,90,10,,1体選択,1ターンに2～5回連続で攻撃する。
ぼうぎょしれい,むし,変化,,,10,,自分,自分の『ぼうぎょ』『とくぼう』ランクが1段階ずつ上がる。
ぼうふう,ひこう,特殊,110,70,10,,1体選択,30%の確率で、相手を2～5の間『こんらん』状態にする。天気が『あめ』の時は必ず命中し、『ひざしがつよい』の時は命中率が50%になる。相手が技『そらをとぶ』『とびはねる』『フリーフォール』を使っている時でも命中する。
ボディパージ,はがね,変化,,,15,,自分,自分の『すばやさ』ランクが2段階上がる。また、自分の『おもさ』が100kg軽くなる。
ボルテッカー,でんき,物理,120,100,15,直,1体選択,相手に与えたダメージの1/3を自分も受ける。10%の確率で相手を『まひ』状態にする。
ボルトチェンジ,でんき,特殊,70,100,20,,1体選択,攻撃後、手持ちのポケモンと入れ替わる。
ポイズンテール,どく,物理,50,100,25,直,1体選択,10%の確率で相手を『どく』状態にする。急所に当たりやすい(急所ランク:+1)。
まきつく,ノーマル,物理,15,90,20,直,1体選択,4～5ターンの間、毎ターン終了後最大HPの1/8のダメージを与え、その間相手は逃げたり交代できない。
まきびし,じめん,変化,,,20,,相手の場,使用後、相手はポケモンを交代する度にダメージを受ける。3回まで使うことができ、1回の時は相手の最大HPの1/8、2回の時は相手の最大HPの1/6、3回の時は相手の最大HPの1/4のダメージを与える。『ひこう』タイプ、特性『ふゆう』のポケモンはダメージを受けない。
マグニチュード,じめん,物理,,100,30,,自分以外,威力は5%の確率で10、10%の確率で30、20%の確率で50、30%の確率で70、20%の確率で90、10%の確率で110、5%の確率で150になる。相手が技『あなをほる』を使っている時でも命中し、ダメージが2倍になる。
マグネットボム,はがね,物理,60,,20,,1体選択,自分の命中率、相手の回避率に関係なく必ず命中する。
マグマストーム,ほのお,特殊,100,75,5,,1体選択,4～5ターンの間、毎ターン終了後最大HPの1/8のダメージを与え、その間相手は逃げたり交代できない。
マジカルシャイン,フェアリー,特殊,80,100,10,,相手全体,通常攻撃。
マジカルフレイム,ほのお,特殊,65,100,10,,1体選択,100%の確率で相手の『とくこう』ランクを1段階下げる。
マジカルリーフ,くさ,特殊,60,,20,,1体選択,自分の命中率、相手の回避率に関係なく必ず命中する。
マジックコート,エスパー,変化,,,15,,自分,必ず先制でき、そのターンの間、自分が受ける変化技を使用した相手に跳ね返す。跳ね返す技の命中率は、『マジックコート』を使用したポケモンで計算される。(優先度:+4)
マジックルーム,エスパー,変化,,,10,,全体の場,5ターンの間、すべてのポケモンの道具の効果がなくなる。
マッドショット,じめん,特殊,55,95,15,,1体選択,100%の確率で相手の『すばやさ』ランクを1段階下げる。
マッハパンチ,かくとう,物理,40,100,30,直,1体選択,必ず先制できる(優先度:+1)。特性『てつのこぶし』の時、威力が1.2倍になる。
まとわりつく,むし,特殊,20,100,20,直,1体選択,4～5ターンの間、毎ターン終了後最大HPの1/8のダメージを与え、その間相手は逃げたり交代できない。
まねっこ,ノーマル,変化,,,20,,自分,最後に使われた技で相手に攻撃する。
まもる,ノーマル,変化,,,10,,自分,必ず先制でき(優先度:+4)、そのターンの間、相手の技を受けない。連続で使うと失敗しやすくなる。
まるくなる,ノーマル,変化,,,40,,自分,自分の『ぼうぎょ』ランクを1段階上げる。
まわしげり,かくとう,物理,60,85,15,直,1体選択,30%の確率で相手をひるませる。
みかづきのまい,エスパー,変化,,,10,,自分,自分が『ひんし』になる代わりに、次に出す自分のポケモンのすべての状態が全回復する。
みがわり,ノーマル,変化,,,10,,自分,自分のHPを最大HPの1/4だけ減らして、減らしたHPと同じHPの自分の分身を作り、分身のHPが0になるまですべての攻撃を自分の代わりに分身が受ける。分身は状態異常にならない。ただし、音系の技などはそのまま受ける。
みきり,かくとう,変化,,,5,,自分,必ず先制でき(優先度:+4)、そのターンの間、相手の技を受けない。連続で使うと失敗しやすくなる。
ミサイルばり,むし,物理,25,95,20,,1体選択,1ターンに2～5回連続で攻撃する。
ミストフィールド,フェアリー,変化,,,10,,全体の場,5ターンの間、場の状態を『ミストフィールド』にする。『ひこう』タイプや特性『ふゆう』などではない地面にいるすべてのポケモンは、状態異常にならず、また『ドラゴン』タイプの技の受けるダメージが半減する。
ミストボール,エスパー,特殊,70,100,5,,1体選択,50%の確率で相手の『とくこう』ランクを1段階下げる。
みずあそび,みず,変化,,,15,,全体の場,5ターンの間、『ほのお』タイプの技の威力が1/3になる。
みずしゅりけん,みず,物理,15,100,20,,1体選択,必ず先制できる(優先度:+1)。1ターンに2～5回連続で攻撃する。
みずでっぽう,みず,特殊,40,100,25,,1体選択,通常攻撃。
みずのちかい,みず,特殊,80,100,10,,1体選択,ダブルバトル・トリプルバトルで、技『ほのおのちかい』と組み合わせて使用すると4ターンの間技の追加効果が出やすくなり、技『くさのちかい』と組み合わせて使用すると4ターンの間相手の『すばやさ』が下がる。また、威力が150になる。
みずのはどう,みず,特殊,60,100,20,,1体選択,20%の確率で相手を1～4ターンの間『こんらん』状態にする。
みずびたし,みず,変化,,100,20,,1体選択,相手を『みず』タイプにする。
みだれづき,ノーマル,物理,15,85,20,直,1体選択,1ターンに2～5回連続で攻撃する。
みだれひっかき,ノーマル,物理,18,80,15,直,1体選択,1ターンに2～5回連続で攻撃する。
みちづれ,ゴースト,変化,,,5,,自分,次の自分のターンまでに相手の攻撃で『ひんし』状態になると、相手も『ひんし』状態になる。
みねうち,ノーマル,物理,40,100,40,直,1体選択,この技のダメージで相手のHPが0になる時、相手のHPを1にする。野生のポケモンを捕まえる時に便利。
みやぶる,ノーマル,変化,,,40,,1体選択,使用後、相手の回避率に関係なく攻撃が当たる。相手が『ゴースト』タイプの時、『ノーマル』『かくとう』タイプの技が当たるようになる。
ミラーコート,エスパー,特殊,,100,20,,不定,相手の特殊攻撃のダメージの2倍をその相手に与える。『ダブルバトル』の時は最後に受けた技のみ有効になる。必ず後攻になる(優先度:-5)。
ミラーショット,はがね,特殊,65,85,10,,1体選択,30%の確率で相手の命中率を1段階下げる。
ミラータイプ,ノーマル,変化,,,15,,1体選択,自分の『タイプ』を相手と同じ『タイプ』にする。
みらいよち,エスパー,特殊,120,100,10,,1体選択,2ターン後に攻撃する。交代した場合は同じ位置にいるポケモンに攻撃する。タイプ相性の影響を受ける。
ミラクルアイ,エスパー,変化,,,40,,1体選択,使用後、相手の回避率に関係なく攻撃が当たる。相手が『あく』タイプの時、『エスパー』タイプの技が当たるようになる。
ミルクのみ,ノーマル,変化,,,10,,自分,HPが最大HPの半分回復する。
ムーンフォース,フェアリー,特殊,95,100,15,,1体選択,30%の確率で相手の『とくこう』ランクを1段階下げる。
むしくい,むし,物理,60,100,20,直,1体選択,相手が持っているバトルに効果のある『きのみ』を奪って、自分に使う。
むしのさざめき,むし,特殊,90,100,10,,1体選択,10%の確率で相手の『とくぼう』ランクを1段階下げる。相手の『みがわり』状態を貫通する。
むしのていこう,むし,特殊,50,100,20,,相手全体,100%の確率で相手の『とくこう』ランクを1段階下げる。
めいそう,エスパー,変化,,,20,,自分,自分の『とくこう』『とくぼう』ランクが1段階ずつ上がる。
メガトンキック,ノーマル,物理,120,75,5,直,1体選択,通常攻撃。
メガトンパンチ,ノーマル,物理,80,85,20,直,1体選択,通常攻撃。特性『てつのこぶし』の時、威力が1.2倍になる。
メガドレイン,くさ,特殊,40,100,15,,1体選択,相手に与えたダメージの半分だけ自分のHPが回復する。
メガホーン,むし,物理,120,85,10,直,1体選択,通常攻撃。
めざましビンタ,かくとう,物理,70,100,10,直,1体選択,相手が『ねむり』状態の時、ダメージが2倍になるが、『ねむり』状態は治る。
めざめるパワー,ノーマル,特殊,60,100,15,,1体選択,自分の個体値によって『タイプ』が変わる。(BW2までは威力も個体値によって変化)
メタルクロー,はがね,物理,50,95,35,直,1体選択,10%の確率で自分の『こうげき』ランクが1段階上がる。
メタルバースト,はがね,物理,,100,10,,不定,そのターンに最後に受けた技のダメージの1.5倍をその相手に与える。
メロメロ,ノーマル,変化,,100,15,,1体選択,相手を『メロメロ』状態にする。『メロメロ』状態になると、50%の確率で相手は自分に攻撃できなくなる。自分と相手の性別が同じ時は失敗する。
ものまね,ノーマル,変化,,,10,,1体選択,一時的に、相手が最後に自分に使った技が使えるようになる。ただし技のPPは5になる。交代すると元に戻る。
もりののろい,くさ,変化,,100,20,,1体選択,相手の『タイプ』に『くさ』タイプを追加する。
もろはのずつき,いわ,物理,150,80,5,直,1体選択,相手に与えたダメージの1/2を自分も受ける。
やきつくす,ほのお,特殊,60,100,15,,相手全体,相手の持っている『きのみ』や『ノーマルジュエル』を使えなくする。
やつあたり,ノーマル,物理,,100,20,直,1体選択,ポケモンがなついていないほど威力が高くなる。最高102。
やどりぎのタネ,くさ,変化,,90,10,,1体選択,使用後、毎ターン、相手のHPを最大HPの1/8ずつ減らし、その分自分のHPを回復させる。自分は交代しても効果が引き継ぐ。『くさ』タイプのポケモンには無効。
やまあらし,かくとう,物理,60,100,10,直,1体選択,必ず急所に当たる。
ゆうわく,ノーマル,変化,,100,20,,相手全体,相手の『とくこう』を2段階下げる。自分と相手の性別が同じ時は失敗する。
ゆきなだれ,こおり,物理,60,100,10,直,1体選択,そのターンに相手の技のダメージを受けると威力が2倍になる。必ず後攻になる(優先度:-4)。
ゆびをふる,ノーマル,変化,,,10,,自分,ほぼすべての技の中からランダムで1つ使う。
ゆめくい,エスパー,特殊,100,100,15,,1体選択,相手に与えたダメージの半分だけ自分のHPが回復する。相手が『ねむり』状態の時だけ成功する。
ようかいえき,どく,特殊,40,100,30,,相手全体,10%の確率で相手の『とくぼう』ランクを1段階下げる。
ようせいのかぜ,フェアリー,特殊,40,100,30,,1体選択,通常攻撃。
ヨガのポーズ,エスパー,変化,,,40,,自分,自分の『こうげき』ランクを1段階上げる。
よこどり,あく,変化,,,10,,自分,必ず先制でき(優先度:+4)、相手が使おうとした、能力ランクを変化させる技や回復系の技の効果を奪い、自分にかける。
らいげき,でんき,物理,130,85,5,直,1体選択,20%の確率で相手を『まひ』状態にする。
ラスターカノン,はがね,特殊,80,100,10,,1体選択,10%の確率で相手の『とくぼう』ランクを1段階下げる。
ラスターパージ,エスパー,特殊,70,100,5,,1体選択,50%の確率で相手の『とくぼう』ランクを1段階下げる。
リーフストーム,くさ,特殊,130,90,5,,1体選択,攻撃後、100%の確率で自分の『とくこう』ランクが2段階下がる。
リーフブレード,くさ,物理,90,100,15,直,1体選択,急所に当たりやすい(急所ランク:+1)。
リサイクル,ノーマル,変化,,,10,,自分,味方が最後に使用した持ち物の道具を手に入れる。自分が既に道具を持っている場合は失敗するが、技『はたきおとす』で自分の道具が無効化されている時は使う事ができ、道具は上書きされる。
リフレクター,エスパー,変化,,,20,,味方の場,5ターンの間、相手の物理攻撃のダメージを半分にする。味方2体の場合は半分ではなく2/3になる。急所に当たった場合は軽減されない。交代しても効果は続く。
リフレッシュ,ノーマル,変化,,,20,,自分,『どく』『まひ』『やけど』状態が治る。
リベンジ,かくとう,物理,60,100,10,直,1体選択,そのターンに相手の技のダメージを受けると威力が2倍になる。必ず後攻になる(優先度:-4)。
りゅうせいぐん,ドラゴン,特殊,130,90,5,,1体選択,攻撃後、100%の確率で自分の『とくこう』ランクが2段階下がる。
りゅうのいかり,ドラゴン,特殊,,100,10,,1体選択,40の固定ダメージを与える。
りゅうのいぶき,ドラゴン,特殊,60,100,20,,1体選択,30%の確率で相手を『まひ』状態にする。
りゅうのはどう,ドラゴン,特殊,85,100,10,,1体選択,通常攻撃。
りゅうのまい,ドラゴン,変化,,,20,,自分,自分の『こうげき』『すばやさ』ランクを1段階ずつ上げる。
りんしょう,ノーマル,特殊,60,100,15,,1体選択,同じターンに他のポケモンも『りんしょう』を使おうとすると、『すばやさ』に関係なく最初に使用したポケモンに続いて使用でき、最初以外の『りんしょう』は威力が2倍になる。相手の『みがわり』状態を貫通する。(ダブルバトル・トリプルバトル用)
れいとうパンチ,こおり,物理,75,100,15,直,1体選択,10%の確率で相手を『こおり』状態にする。特性『てつのこぶし』の時、威力が1.2倍になる。
れいとうビーム,こおり,特殊,90,100,10,,1体選択,10%の確率で相手を『こおり』状態にする。
れんごく,ほのお,特殊,100,50,5,,1体選択,100%の確率で相手を『やけど』状態にする。
れんぞくぎり,むし,物理,40,95,20,直,1体選択,連続で使用すると攻撃が当たる度に威力が倍増していく(最高160)。攻撃が外れたり連続で使用しないと元に戻る。
れんぞくパンチ,ノーマル,物理,18,85,15,直,1体選択,1ターンに2～5回連続で攻撃する。特性『てつのこぶし』の時、威力が1.2倍になる。
ローキック,かくとう,物理,65,100,20,直,1体選択,100%の確率で相手の『すばやさ』ランクを1段階下げる。
ロケットずつき,ノーマル,物理,130,100,10,直,1体選択,1ターン目に100%の確率で自分の『ぼうぎょ』ランクを1段階上げ、2ターン目で攻撃する。
ロックオン,ノーマル,変化,,,5,,1体選択,次のターン、使った相手に自分の技が必ず命中する。
ロックカット,いわ,変化,,,20,,自分,自分の『すばやさ』ランクが2段階上がる。
ロッククライム,ノーマル,物理,90,85,20,直,1体選択,20%の確率で相手を1～4ターンの間『こんらん』状態にする。
ロックブラスト,いわ,物理,25,90,10,,1体選択,1ターンに2～5回連続で攻撃する。
ワイドガード,いわ,変化,,,10,,味方の場,必ず先制でき(優先度:+3)、そのターンの間、自分と味方は相手や味方が使った複数のポケモンが対象の攻撃技を受けない。ただし、変化技は防げない。
ワイルドボルト,でんき,物理,90,100,15,直,1体選択,相手に与えたダメージの1/4を自分も受ける。
わたほうし,くさ,変化,,100,40,,相手全体,相手の『すばやさ』ランクを2段階下げる。『くさ』タイプや特性『ぼうじん』のポケモンには無効。
わるあがき,ノーマル,物理,50,,1,直,1体選択,すべての技のPPが0になる等して使える技がなくなると使える。自分の最大HPの1/4を自分も受ける。『タイプ』に関係なくダメージを与える。
わるだくみ,あく,変化,,,20,,自分,自分の『とくこう』ランクを2段階上げる。
ワンダールーム,エスパー,変化,,,10,,全体の場,5ターンの間、すべてのポケモンの『ぼうぎょ』と『とくぼう』の能力値が入れ替わる。もう1度使用すると元に戻る。
